{"cameraMode":{"drawMode":0,"name":"Shaded","section":"Shading Mode"},"sceneLighting":true,"audioPlay":false,"sceneViewState":{"showFog":true,"showMaterialUpdate":false,"showSkybox":true,"showFlares":true,"showImageEffects":true,"showParticleSystems":true},"in2DMode":false,"pivot":{"x":25.65331268310547,"y":-16.457836151123048,"z":0.10692977905273438},"rotation":{"x":0.16031810641288758,"y":0.7989263534545898,"z":-0.2434733808040619,"w":0.5260619521141052},"size":27.08203887939453,"orthographic":false}