{"cameraMode":{"drawMode":0,"name":"Shaded","section":"Shading Mode"},"sceneLighting":true,"audioPlay":false,"sceneViewState":{"showFog":true,"showMaterialUpdate":false,"showSkybox":true,"showFlares":true,"showImageEffects":true,"showParticleSystems":true},"in2DMode":false,"pivot":{"x":7.10972785949707,"y":-4.266026496887207,"z":-18.111942291259767},"rotation":{"x":0.17121513187885285,"y":0.6472940444946289,"z":-0.1524561196565628,"w":0.7269580364227295},"size":33.570030212402347,"orthographic":false}